word,value
Agile,50864.752396486845
Machine Learning,41969.03588821419
Java,23072.53946578788
Spark,23035.29768276817
Scala,13356.633257142821
PostgreSQL,6893.071808035718
AWS,15520.866630911769
Python,18370.11572727273
DevOps,26588.376949528756
Terraform,37643.69491638795
Linux,43482.183620111726
SQL,44709.66216459978
Power BI,51735.72346504561
CI/CD,52961.26861952862
Kubernetes,53390.449541899434
Jenkins,55864.62133779265
Excel,65293.89558528429
R,66211.69808587267
